Name,Email,Phone,Company,Title
Alice Johnson,alice.johnson@example.com,5551234567,AlphaTech,CEO
Bob Smith,bob.smith@example,5559876543,BetaCorp,CTO
Charlie Zhang,charlie.zhang@example.com,5555555555,GammaSolutions,Chief Technology Officer
Dana Lee,dana.lee@example.com,5551112222,DeltaInc,Manager of Sales
Ethan Brown,ethan.brown@example.com,5552223333,EpsilonLLC,Director
Fiona Davis,fiona.davis@example.com,5554445555,AlphaTech,Analyst
George Wilson,george.wilson@example,5556667777,BetaCorp,Head of Marketing
Alice Johnson,alice.johnson@example.com,5551234567,AlphaTech,CEO
Hannah Martin,hannah.martin@example.com,5558889999,GammaSolutions,Founder
Ian Clark,ian.clark@example@com,5550001111,DeltaInc,Intern
James Carter,james.carter@epsilonllc.com,5551212121,EpsilonLLC,President
Olivia Rodriguez,olivia.r@omegasys.com,5552323232,OmegaSystems,Vice President
Liam Garcia,liam.garcia@vertex.net,5553434343,VertexVentures,Owner
Sophia Martinez,sophia.martinez@zenith.co,5554545454,ZenithCorp,Manager
Noah Hernandez,noah.h@alphatech.com,5555656565,AlphaTech,VP of Engineering
Emma Lopez,emma.lopez@betacorp,5556767676,BetaCorp,Director of Operations
William Gonzalez,william.gonzalez@gammasolutions.com,5557878787,GammaSolutions,Chief Operating Officer
Ava Perez,ava.perez@deltainc.com,5558989898,DeltaInc,Head of Product
Mia Scott,mia.scott@epsilonllc.com,5559090909,EpsilonLLC,Chief Financial Officer
Elijah Green,elijahgreen@omegasys.com,5550101010,OmegaSystems,President
Charlotte Adams,charlotte.adams@vertex.net,5551221221,VertexVentures,Founder
Lucas King,lucas.king@zenith.co,5552332332,ZenithCorp,CEO
Henry Baker,henry.baker@alphatech.com,5553443443,AlphaTech,Director
Amelia Nelson,amelia.nelson@betacorp.com,5554554554,BetaCorp,COO
Olivia Rodriguez,olivia.r@omegasys.com,5552323232,OmegaSystems,Vice President
Daniel Wright,daniel.wright.example.com,5555665665,GammaSolutions,Head of Engineering
Benjamin Mitchell,ben.mitchell@deltainc.com,5556776776,DeltaInc,CTO
Chloe Campbell,chloe.c@epsilonllc.com,5557887887,EpsilonLLC,Manager
Michael Carter,michael.carter@omegasys,5558998998,OmegaSystems,Owner
Evelyn Roberts,evelyn.r@vertex.net,5559009009,VertexVentures,Vice President
David Phillips,david.p@zenith.co,5550110110,ZenithCorp,Chief Strategy Officer
Sofia Evans,sofia.evans@alphatech.com,5551231231,AlphaTech,VP Marketing
Joseph Turner,joseph t@betacorp.com,5552342342,BetaCorp,President
Victoria Parker,victoria.parker@gammasolutions.com,5553453453,GammaSolutions,Director
Samuel Collins,samuel.collins@deltainc.com,5554564564,DeltaInc,CEO
Grace Stewart,grace.stewart@epsilonllc.com,5555675675,EpsilonLLC,Founder
John Morris,john.morris@omegasys.com,5556786786,OmegaSystems,Head of Sales
Zoe Sanchez,zoe.sanchez@vertex@net,5557897897,VertexVentures,Manager
Robert Cook,robert.cook@zenith.co,5558908908,ZenithCorp,CTO
Lillian Morgan,lillian.m@alphatech.com,5559019019,AlphaTech,Chief People Officer
Christopher Bell,chris.bell@betacorp.com,5550120120,BetaCorp,Owner
Hannah Martin,hannah.martin@example.com,5558889999,GammaSolutions,Founder
Ella Murphy,ella.murphy@gammasolutions,5551234123,GammaSolutions,Vice President
Andrew Bailey,andrew.b@deltainc.com,5552345234,DeltaInc,Director of Finance
Penelope Rivera,penelope.r@epsilonllc.com,5553456345,EpsilonLLC,Head of HR
Leo Cooper,leo.cooper@omegasys.com,5554567456,OmegaSystems,COO
Riley Richardson,riley.r@vertex.net,5555678567,VertexVentures,CEO
Madison Cox,madison.cox@zenith.co,5556789678,ZenithCorp,President
Jack Howard,jack.howard@alphatech.com,5557890789,AlphaTech,VP of Sales
Aria Ward,aria.ward@betacorp.com,5558901890,BetaCorp,Chief
Scarlett Torres,scarlett.torres@gammasolutions.com,5559012901,GammaSolutions,Manager
Wyatt Peterson,wyatt.peterson@deltainc.com,5550123012,DeltaInc,Owner
Layla Gray,layla.gray@epsilonllc com,5551234124,EpsilonLLC,Director
Grayson Ramirez,grayson.r@omegasys.com,5552345235,OmegaSystems,CTO
Aubrey James,aubrey.james@vertex.net,5553456346,VertexVentures,Head of Operations
Julian Brooks,julian.brooks@zenith.co,5554567457,ZenithCorp,Founder
Camila Kelly,camila.kelly@alphatech.com,5555678568,AlphaTech,Vice President
Luke Sanders,luke.sanders@betacorp,5556789679,BetaCorp,CEO
Stella Price,stella.price@gammasolutions.com,5557890780,GammaSolutions,COO
Lincoln Bennett,lincoln.b@deltainc.com,5558901891,DeltaInc,President
Nova Wood,nova.wood@epsilonllc.com,5559012902,EpsilonLLC,Chief Information Officer
Adam Barnes,adam.barnes@omegasys.com,5550123013,OmegaSystems,Director
Alice Johnson,alice.johnson@example.com,5551234567,AlphaTech,CEO
Violet Ross,violet.ross@vertex.net,5551234125,VertexVentures,Manager
Ezra Henderson,ezra.h@zenith.co,5552345236,ZenithCorp,Owner
Aurora Coleman,aurora.coleman@alphatech.com,5553456347,AlphaTech,Head of Marketing
Miles Jenkins,miles.jenkins@betacorp@com,5554567458,BetaCorp,CTO
Hazel Perry,hazel.perry@gammasolutions.com,5555678569,GammaSolutions,Vice President
Thomas Powell,thomas.p@deltainc.com,5556789670,DeltaInc,Chief
Isla Long,isla.long@epsilonllc.com,5557890781,EpsilonLLC,CEO
William Gonzalez,william.gonzalez@gammasolutions.com,5557878787,GammaSolutions,Chief Operating Officer
Caleb Patterson,caleb.p@omegasys.com,5558901892,OmegaSystems,Founder
Lily Hughes,lily.hughes@vertex.net,5559012903,VertexVentures,Director
Josiah Flores,josiah.floreszenith.co,5550123014,ZenithCorp,Manager
Adeline Washington,adeline.w@alphatech.com,5551234126,AlphaTech,COO
Ryan Butler,ryan.butler@betacorp.com,5552345237,BetaCorp,President
Eliana Simmons,eliana.s@gammasolutions.com,5553456348,GammaSolutions,Head of Finance
Isaiah Foster,isaiah.foster@deltainc,5554567459,DeltaInc,VP of Technology
Mateo Gonzales,mateo.g@epsilonllc.com,5555678560,EpsilonLLC,Owner
Maya Bryant,maya.bryant@omegasys.com,5556789671,OmegaSystems,Vice President
Levi Alexander,levi.a@vertex.net,5557890782,VertexVentures,CTO
Natalie Russell,natalie.r@zenith.co,5558901893,ZenithCorp,Chief Executive Officer
Theodore Griffin,theo.griffin@alphatech.com,5559012904,AlphaTech,Manager
Addison Diaz,addison.diaz@betacorp.com,5550123015,BetaCorp,Director
Elena Cruz,elena.cruz@gammasolutions.com,5551234127,GammaSolutions,Founder
Carson Fisher,carson.fisher@deltainc.com,5552345238,DeltaInc,Head of Innovation
Brooklyn Ray,brooklyn..ray@epsilonllc.com,5553456349,EpsilonLLC,COO
Genesis Perkins,genesis.p@omegasys.com,5554567450,OmegaSystems,President
Xavier Gomez,xavier.gomez@vertex.net,5555678561,VertexVentures,Chief
Dominic Chavez,dominic.c@zenith.co,5556789672,ZenithCorp,CEO
Everly Reyes,everly.reyes@alphatech.com,5557890783,AlphaTech,Vice President
Austin Ortiz,austin.ortiz@betacorp.com,5558901894,BetaCorp,Manager
Kennedy Johnston,kennedy.j@gammasolutions.com,5559012905,GammaSolutions,Owner
Eva Harrison,eva.harrison@deltainc,5550123016,DeltaInc,CTO
Jeremiah Hanson,jeremiah.h@epsilonllc.com,5551234128,EpsilonLLC,Director
Skylar Olson,skylar.olson@omegasys.com,5552345239,OmegaSystems,Head of People
Connor Snyder,connor.s@vertex.net,5553456340,VertexVentures,COO
Paisley Hart,paisley.hart@zenith.co,5554567451,ZenithCorp,Founder
Jaxon Cunningham,jaxon.c@alphatech.com,5555678562,AlphaTech,President
Angel Wagner,angel.wagner@betacorp.com,5556789673,BetaCorp,Chief Financial Officer
Serenity Webb,serenity.w@gammasolutions@com,5557890784,GammaSolutions,Vice President
Ezekiel Elliott,ezekiel.e@deltainc.com,5558901895,DeltaInc,CEO
Piper Palmer,piper.palmer@epsilonllc.com,5559012906,EpsilonLLC,Manager
Alice Johnson,alice.johnson@example.com,5551234567,AlphaTech,CEO
Bentley Lawson,bentley.l@omegasys.com,5550123017,OmegaSystems,Owner
Kaylee Holmes,kaylee.holmes@vertex.net,5551234129,VertexVentures,CTO
Beau Mendoza,beau.mendoza@zenith.co,5552345230,ZenithCorp,Director
Caroline Mills,caroline.m@alphatech.com,5553456341,AlphaTech,Head of Growth
Josie Nichols,josie.nichols@betacorp.com,5554567452,BetaCorp,COO
Jason Grant,jason.grant@gammasolutions,5555678563,GammaSolutions,President
Taylor Shaw,taylor.shaw@deltainc.com,5556789674,DeltaInc,Founder
Ariel Woods,ariel.woods@epsilonllc.com,5557890785,EpsilonLLC,Chief Operating Officer
Gavin Fuller,gavin.fuller@omegasys.com,5558901896,OmegaSystems,Vice President
Melody Stone,melody.stone@vertex.net,5559012907,VertexVentures,CEO
Olivia Rodriguez,olivia.r@omegasys.com,5552323232,OmegaSystems,Vice President
Brody Hawkins,brody hawkins@zenith.co,5550123018,ZenithCorp,Manager
Paige West,paige.west@alphatech.com,5551234130,AlphaTech,Owner
Ryder Gibson,ryder.gibson@betacorp.com,5552345241,BetaCorp,CTO
Valeria Armstrong,valeria.a@gammasolutions.com,5553456342,GammaSolutions,Director
Carlos Spencer,carlos.s@deltainc.com,5554567453,DeltaInc,Head of Security
Melanie Carr,melanie.carr@epsilonllc.com,5555678564,EpsilonLLC,COO
Tristan Gardner,tristan.g@omegasys.com,5556789675,OmegaSystems,President
Parker Payne,parker.payne@vertex.net,5557890786,VertexVentures,Founder
Sadie Franklin,sadie.franklin@zenith.co,5558901897,ZenithCorp,Chief
Abigail Day,abigail.day@alphatech@com,5559012908,AlphaTech,Vice President
Blake Jordan,blake.jordan@betacorp.com,5550123019,BetaCorp,CEO
Ashley Hamilton,ashley.h@gammasolutions.com,5551234131,GammaSolutions,Manager
Alex Graham,alex.graham@deltainc.com,5552345242,DeltaInc,Owner
Annabelle Wallace,annabelle.w@epsilonllc,5553456343,EpsilonLLC,CTO
Jesus Burns,jesus.burns@omegasys.com,5554567454,OmegaSystems,Director
Charlie Zhang,charlie.zhang@example.com,5555555555,GammaSolutions,Chief Technology Officer
Amara Cole,amara.cole@vertex.net,5555678565,VertexVentures,Head of Legal
Hayden Hicks,hayden.hicks@zenith.co,5556789676,ZenithCorp,COO
Brielle Pierce,brielle.p@alphatech.com,5557890787,AlphaTech,President
Roman Warren,roman.warren@betacorp.com,5558901898,BetaCorp,Founder
Destiny Peterson,destiny.p@gammasolutions.com,5559012909,GammaSolutions,Chief
Adriana Kelley,adriana.k@deltainc.com,5550123020,DeltaInc,Vice President
Ian Clark,ian.clark@example@com,5550001111,DeltaInc,Intern
Colin Stephens,colin.stephens@epsilonllc.com,5551234132,EpsilonLLC,CEO
Khloe Myers,khloe.myers@omegasys.com,5552345243,OmegaSystems,Manager
Archer Fox,archer.fox@vertex,5553456344,VertexVentures,Owner
Isabelle Riley,isabelle.r@zenith.co,5554567455,ZenithCorp,CTO
Joel Little,joel.little@alphatech.com,5555678566,AlphaTech,Director
Jasmine Tucker,jasmine tucker@betacorp.com,5556789677,BetaCorp,Head of Customer Success
Kinsley Porter,kinsley.p@gammasolutions.com,5557890788,GammaSolutions,COO
Leonardo Hunter,leonardo.h@deltainc.com,5558901899,DeltaInc,President
Elise Hicks,elise.hicks@epsilonllc.com,5559012910,EpsilonLLC,Founder
Camden Boyd,camden.boyd@omegasys.com,5550123021,OmegaSystems,Chief Data Officer
Bailey Gordon,bailey.gordon@vertex.net,5551234133,VertexVentures,Vice President
Logan Fisher,logan.fisher@zenith.co,5552345244,ZenithCorp,CEO
Thea Henry,thea.henry@alphatech,5553456345,AlphaTech,Manager
Dean Rose,dean.rose@betacorp.com,5554567456,BetaCorp,Owner
Peyton Hunt,peyton.hunt@gammasolutions.com,5555678567,GammaSolutions,CTO
Finn Black,finn.black@deltainc.com,5556789678,DeltaInc,Director
Rose Holmes,rose.holmes@epsilonllc.com,5557890789,EpsilonLLC,Head of Product
George Wilson,george.wilson@example,5556667777,BetaCorp,Head of Marketing
Silas Robertson,silas.robertson@omegasys.com,5558901890,OmegaSystems,COO
Valentina Stone,valentina.s@vertex.net,5559012911,VertexVentures,President
Emmett Boyd,emmett.boyd@zenith.co,5550123022,ZenithCorp,Founder
Genevieve Payne,genevieve.p@alphatech.com,5551234134,AlphaTech,Chief
Adalynn Hawkins,adalynn.h@betacorp.com,5552345245,BetaCorp,Vice President
George Wilson,george.wilson@example,5556667777,BetaCorp,Head of Marketing
Myles Wells,myles.wells@gammasolutions@com,5553456346,GammaSolutions,CEO
Calvin Alvarez,calvin.a@deltainc.com,5554567457,DeltaInc,Manager
Alina Perez,alina.perez@epsilonllc.com,5555678568,EpsilonLLC,Owner
Oscar Scott,oscar.scott@omegasys.com,5556789679,OmegaSystems,CTO
Iris Green,iris.green@vertex.net,5557890790,VertexVentures,Director
Arthur King,arthur.king@zenith.co,5558901891,ZenithCorp,Head of R&D
Clara Baker,clara baker@alphatech.com,5559012912,AlphaTech,COO
Jude Nelson,jude.nelson@betacorp.com,5550123023,BetaCorp,President
Athena Hill,athena.hill@gammasolutions.com,5551234135,GammaSolutions,Founder
Theo Adams,theo.adams@deltainc.com,5552345246,DeltaInc,Chief Technology Officer
Summer Wright,summer.wright@epsilonllc.com,5553456347,EpsilonLLC,Vice President
Edward Mitchell,edward.m@omegasys,5554567458,OmegaSystems,CEO
Ivy Roberts,ivy.roberts@vertex.net,5555678569,VertexVentures,Manager
Jonah Phillips,jonah.p@zenith.co,5556789670,ZenithCorp,Owner
Lyla Evans,lyla.evans@alphatech.com,5557890791,AlphaTech,CTO
Sawyer Turner,sawyer.t@betacorp.com,5558901892,BetaCorp,Director
Emilia Parker,emilia.parker@gammasolutions.com,5559012913,GammaSolutions,Head of Operations
Hunter Collins,hunter..collins@deltainc.com,5550123024,DeltaInc,COO
Isabelle Stewart,isabelle.s@epsilonllc.com,5551234136,EpsilonLLC,President
Rowan Morris,rowan.morris@omegasys.com,5552345247,OmegaSystems,Founder
Delilah Sanchez,delilah.s@vertex.net,5553456348,VertexVentures,Chief Marketing Officer
Chase Cook,chase.cook@zenith.co,5554567459,ZenithCorp,Vice President
Ana Morgan,ana.morgan@alphatech.com,5555678570,AlphaTech,CEO
Micah Bell,micah.bell@betacorp.com,5556789681,BetaCorp,Manager
Hope Murphy,hope.murphy@gammasolutions,5557890792,GammaSolutions,Owner
Gael Bailey,gael.bailey@deltainc.com,5558901893,DeltaInc,CTO
Alice Johnson,alice.johnson@example.com,5551234567,AlphaTech,CEO
Victoria Chen,v.chen@stellar.io,5551112233,StellarSolutions,Software Engineer
David Kim,david.kim@quantumleap,5552223344,QuantumLeap,Data Scientist
Sophia Patel,sophia patel@fusion.works,5553334455,FusionWorks,Product Manager
William Jones,william.jones@innovatech.com,5554445566,Innovatech,Senior Developer
Olivia Williams,olivia.w@apex.net,5555556677,ApexInnovations,UX/UI Designer
James Brown,james.brown@blueridge,5556667788,BlueRidgeAnalytics,Business Analyst
Emily Davis,emily.davis@crimsondata.io,5557778899,CrimsonData,Marketing Director
Michael Miller,michael.miller@silverline,5558889900,SilverlineTech,Head of Infrastructure
Jessica Wilson,jessica.wilson@horizondigital.com,5559990011,HorizonDigital,Content Strategist
Christopher Moore,c.moore@meridiangrp@com,5550001122,MeridianGroup,Financial Analyst
Amanda Taylor,https://www.google.com/search?q=amanda.taylor.pivot.com,5551122334,PivotIndustries,Operations Manager
Daniel Anderson,d.anderson@stellar.io,5552233445,StellarSolutions,DevOps Engineer
Patricia Thomas,patricia.thomas@quantumleap.com,5553344556,QuantumLeap,Research Scientist
Linda Jackson,linda.jackson@fusion.works,5554455667,FusionWorks,Project Coordinator
Robert White,robert.white@innovatech,5555566778,Innovatech,QA Tester
Barbara Harris,barbara..harris@apex.net,5556677889,ApexInnovations,Graphic Designer
Susan Martin,susan martin@blueridge.io,5557788990,BlueRidgeAnalytics,Data Engineer
Joseph Thompson,joseph.t@crimsondata.com,5558899001,CrimsonData,SEO Specialist
Sarah Garcia,sarah.garcia@silverline.tech,5559900112,SilverlineTech,Systems Administrator
Karen Martinez,karen.martinez@horizondigital.com,5550011223,HorizonDigital,Social Media Manager
Nancy Robinson,n.robinson@meridiangrp.com,5551122334,MeridianGroup,Accountant
Charles Clark,charles.clark@pivotindustries,5552233445,PivotIndustries,Supply Chain Specialist
Matthew Rodriguez,matthew.r@stellar.io,5553344556,StellarSolutions,Backend Developer
Lisa Lewis,lisa lewis@quantumleap.com,5554455667,QuantumLeap,Machine Learning Engineer
Anthony Lee,anthony.lee@fusion.works,5555566778,FusionWorks,Associate Product Manager
Betty Walker,betty.walker@innovatech@com,5556677889,Innovatech,Automation Engineer
Mark Hall,mark.hall@apex.net,5557788990,ApexInnovations,Creative Director
Sandra Allen,s.allen@blueridge.io,5558899001,BlueRidgeAnalytics,BI Developer
Donald Young,https://www.google.com/search?q=donald.young.crimsondata.com,5559900112,CrimsonData,Content Writer
Kimberly Hernandez,kim.h@silverline.tech,5550011223,SilverlineTech,Network Engineer
George King,george.king@horizondigital.com,5551122334,HorizonDigital,Digital Marketing Specialist
Steven Wright,steven.wright@meridiangrp.com,5552233445,MeridianGroup,Senior Accountant
Donna Lopez,donna.lopez@pivotindustries,5553344556,PivotIndustries,Logistics Coordinator
Paul Hill,paul.hill@stellar.io,5554455667,StellarSolutions,Principal Engineer
Cynthia Scott,cynthia s@quantumleap.com,5555566778,QuantumLeap,Lead Scientist
Kevin Green,kevin.green@fusion.works,5556677889,FusionWorks,Scrum Master
Laura Adams,laura.adams@innovatech.com,5557788990,Innovatech,Technical Writer
Brian Baker,b.baker@apex.net,5558899001,ApexInnovations,Senior UX Designer
Rebecca Gonzalez,rebecca.gonzalez@blueridge,5559900112,BlueRidgeAnalytics,Database Administrator
Sharon Nelson,sharon.n@crimsondata.io,5550011223,CrimsonData,VP of Marketing
Gary Carter,gary..carter@silverline.tech,5551122334,SilverlineTech,Security Specialist
Michelle Mitchell,michelle.m@horizondigital.com,5552233445,HorizonDigital,Community Manager
Ronald Perez,ronald.perez@meridiangrp@com,5553344556,MeridianGroup,Investment Analyst
Timothy Roberts,timothy roberts@pivotindustries.com,5554455667,PivotIndustries,Warehouse Manager
Jason Turner,jason.turner@stellar.io,5555566778,StellarSolutions,Cloud Solutions Architect
Deborah Phillips,https://www.google.com/search?q=deborah.p.quantumleap.com,5556677889,QuantumLeap,Algorithm Developer
Ryan Campbell,r.campbell@fusion.works,5557788990,FusionWorks,Technical Program Manager
Jennifer Parker,jennifer.p@innovatech.com,5558899001,Innovatech,Software Development Engineer in Test (SDET)
Melissa Evans,melissa.evans@apex.net,5559900112,ApexInnovations,User Researcher
Larry Edwards,larry.edwards@blueridge.io,5550011223,BlueRidgeAnalytics,Senior Data Analyst
Brenda Collins,brenda.collins@crimsondata,5551122334,CrimsonData,Public Relations Manager
Justin Stewart,justin.stewart@silverline.tech,5552233445,SilverlineTech,Chief Information Security Officer (CISO)
Amanda Sanchez,amanda s@horizondigital.com,5553344556,HorizonDigital,Email Marketing Specialist
Brandon Morris,brandon.morris@meridiangrp.com,5554455667,MeridianGroup,Controller
Olivia Rodriguez,olivia.r@omegasys.com,5552323232,OmegaSystems,Vice President
Eric Rogers,eric.rogers@pivotindustries@com,5555566778,PivotIndustries,Procurement Manager
Rachel Reed,rachel.reed@stellar.io,5556677889,StellarSolutions,Frontend Lead
Jonathan Cook,jonathan.cook@quantumleap.com,5557788990,QuantumLeap,AI Specialist
Stephanie Morgan,s.morgan.fusion.works,5558899001,FusionWorks,Customer Success Manager
Scott Bell,scott.bell@innovatech.com,5559900112,Innovatech,Mobile Developer (iOS)
Nicole Murphy,nicole..murphy@apex.net,5550011223,ApexInnovations,Interaction Designer
Benjamin Bailey,ben.bailey@blueridge.io,5551122334,BlueRidgeAnalytics,ETL Developer
Samantha Rivera,samantha.rivera@crimsondata.com,5552233445,CrimsonData,Brand Manager
Gregory Cooper,gregory.cooper@silverline,5553344556,SilverlineTech,Director of IT
Frank Richardson,frank richardson@horizondigital.com,5554455667,HorizonDigital,PPC Specialist
Pamela Cox,pamela.cox@meridiangrp.com,5555566778,MeridianGroup,Human Resources Generalist
Alexander Howard,alex.h@pivotindustries.com,5556677889,PivotIndustries,Plant Manager
Patrick Ward,patrick.ward@stellar.io,5557788990,StellarSolutions,Site Reliability Engineer (SRE)
Debra Torres,debra.torres@quantumleap@com,5558899001,QuantumLeap,Computational Linguist
Walter Peterson,https://www.google.com/search?q=walter.p.innovatech.com,5559900112,Innovatech,Mobile Developer (Android)
Peter Gray,peter.gray@fusion.works,5550011223,FusionWorks,Sales Engineer
Christine Ramirez,c.ramirez@apex.net,5551122334,ApexInnovations,Art Director
Douglas James,douglas.james@blueridge.io,5552233445,BlueRidgeAnalytics,Data Warehouse Architect
Joyce Watson,joyce.watson@crimsondata.com,5553344556,CrimsonData,Communications Director
Henry Brooks,henry..brooks@silverline.tech,5554455667,SilverlineTech,Help Desk Technician
Angela Kelly,angela kelly@horizondigital.com,5555566778,HorizonDigital,Affiliate Marketing Manager
Joshua Sanders,joshua.s@meridiangrp.com,5556677889,MeridianGroup,Talent Acquisition Specialist
Hannah Martin,hannah.martin@example.com,5558889999,GammaSolutions,Founder
Carl Price,carl.price@pivotindustries,5557788990,PivotIndustries,Health and Safety Officer
Terry Bennett,terry.bennett@stellar.io,5558899001,StellarSolutions,Full Stack Engineer
Sean Wood,sean.wood@quantumleap.com,5559900112,QuantumLeap,Deep Learning Researcher
Evelyn Barnes,evelyn.b@fusion.works,5550011223,FusionWorks,Account Executive
Denise Ross,denise.ross@innovatech@com,5551122334,Innovatech,Release Manager
Jeremy Henderson,jeremy.h.apex.net,5552233445,ApexInnovations,Motion Graphics Designer
Marilyn Coleman,marilyn.coleman@blueridge.io,5553344556,BlueRidgeAnalytics,Business Intelligence Manager
Keith Jenkins,keith.jenkins@crimsondata.com,5554455667,CrimsonData,Copywriter
Roger Perry,roger perry@silverline.tech,5555566778,SilverlineTech,IT Support Specialist
Judith Powell,judith.p@horizondigital.com,5556677889,HorizonDigital,Marketing Analyst
Lawrence Long,lawrence.l@meridiangrp,5557788990,MeridianGroup,Recruiting Coordinator
Cheryl Patterson,cheryl..patterson@pivotindustries.com,5558899001,PivotIndustries,Quality Control Inspector
Joe Hughes,joe.hughes@stellar.io,5559900112,StellarSolutions,Engineering Manager
Diana Flores,diana.f@quantumleap.com,5550011223,QuantumLeap,Natural Language Processing Engineer
Russell Simmons,russell.s@fusion.works,5551122334,FusionWorks,Regional Sales Manager
Alice Washington,alice.w@innovatech.com,5552233445,Innovatech,Firmware Engineer
Joan Butler,joan.butler@apex.net,5553344556,ApexInnovations,Visual Designer
Bobby Bryant,bobby.b@blueridge@io,5554455667,BlueRidgeAnalytics,Statistician
Roy Alexander,roy alexander@crimsondata.com,5555566778,CrimsonData,Media Buyer
Juan Russell,juan.r.silverline.tech,5556677889,SilverlineTech,Cloud Engineer
Janet Griffin,janet.g@horizondigital.com,5557788990,Horizondigital,Content Manager
Wayne Diaz,wayne.d@meridiangrp.com,5558899001,MeridianGroup,Office Manager
Eugene Cruz,eugene.cruz@pivotindustries.com,5559900112,PivotIndustries,Inventory Manager
Louis Fisher,louis.fisher@stellar.io,5550011223,StellarSolutions,Senior Staff Engineer
Sara Ray,sara..ray@quantumleap.com,5551122334,QuantumLeap,Computer Vision Engineer
Billy Perkins,billy.perkins@fusion.works,5552233445,FusionWorks,Partner Manager
Marie Gomez,marie.gomez@innovatech,5553344556,Innovatech,Embedded Systems Engineer
Ralph Chavez,ralph.chavez@apex.net,5554455667,ApexInnovations,Production Artist
Ann Reyes,ann reyes@blueridge.io,5555566778,BlueRidgeAnalytics,Head of Data Science
Jordan Ortiz,jordan.ortiz@crimsondata@com,5556677889,CrimsonData,Events Manager
Gerald Johnston,gerald.j.silverline.tech,5557788990,SilverlineTech,Solutions Architect
Teresa Hanson,teresa.h@horizondigital.com,5558899001,HorizonDigital,Growth Hacker
Henry Snyder,henry.s@meridiangrp.com,5559900112,MeridianGroup,Executive Assistant
Adam Hart,adam.hart@pivotindustries.com,5550011223,PivotIndustries,Facilities Manager
William Gonzalez,william.gonzalez@gammasolutions.com,5557878787,GammaSolutions,Chief Operating Officer
Arthur Cunningham,arthur.c@stellar.io,5551122334,StellarSolutions,Distinguished Engineer
Beverly Wagner,beverly.wagner@quantumleap,5552233445,QuantumLeap,AI Research Director
Julia Webb,julia webb@fusion.works,5553344556,FusionWorks,Channel Sales Manager
Alan Elliott,alan.e@innovatech.com,5554455667,Innovatech,Hardware Engineer
Grace Palmer,grace.p@apex.net,5555566778,ApexInnovations,Brand Strategist
Jack Lawson,jack.lawson@blueridge.io,5556677889,BlueRidgeAnalytics,Machine Learning Operations (MLOps) Engineer
Doris Holmes,doris..holmes@crimsondata.com,5557788990,CrimsonData,Social Media Coordinator
Vincent Mendoza,vincent.m@silverline.tech,5558899001,SilverlineTech,VP of Technology
Kathryn Mills,kathryn.m@horizondigital.com,5559900112,HorizonDigital,Marketing Operations Manager
Stephen Nichols,stephen.n@meridiangrp@com,5550011223,MeridianGroup,Benefits Specialist
Alice Grant,https://www.google.com/search?q=alice.grant.pivotindustries.com,5551122334,PivotIndustries,Production Supervisor
Shawn Shaw,shawn.shaw@stellar.io,5552233445,StellarSolutions,Technical Lead
Philip Woods,philip.w@quantumleap.com,5553344556,QuantumLeap,Quantum Computing Scientist
Lori Fuller,lori fuller@fusion.works,5554455667,FusionWorks,Customer Support Representative
Jose Stone,jose.s@innovatech.com,5555566778,Innovatech,Systems Engineer
Mildred Hawkins,mildred.h@apex,5556677889,ApexInnovations,Web Designer
Johnny West,johnny.west@blueridge.io,5557788990,BlueRidgeAnalytics,Analytics Manager
Frances Gibson,frances.g@crimsondata.com,5558899001,CrimsonData,Digital Project Manager
Clarence Armstrong,c..armstrong@silverline.tech,5559900112,SilverlineTech,Director of Engineering
Ruby Spencer,ruby.s@horizondigital.com,5550011223,HorizonDigital,Head of Content
Raymond Carr,raymond.c@meridiangrp.com,5551122334,MeridianGroup,HR Business Partner
Anna Gardner,anna.g@pivotindustries,5552233445,PivotIndustries,Logistics Analyst
Katherine Payne,k.payne@stellar.io,5553344556,StellarSolutions,Security Engineer
Chris Franklin,chris.franklin@quantumleap.com,5554455667,QuantumLeap,Robotics Engineer
Carol Day,carol day@fusion.works,5555566778,FusionWorks,Technical Account Manager
Willie Jordan,willie.j@innovatech@com,5556677889,Innovatech,Test Automation Architect
Ruth Hamilton,ruth.h.apex.net,5557788990,ApexInnovations,Information Architect
Aaron Graham,aaron.graham@blueridge.io,5558899001,BlueRidgeAnalytics,Data Visualization Specialist
Diane Wallace,diane.wallace@crimsondata.com,5559900112,CrimsonData,Marketing Communications Manager
Randy Burns,randy.burns@silverline.tech,5550011223,SilverlineTech,VP of Infrastructure
Gloria Cole,gloria..cole@horizondigital.com,5551122334,HorizonDigital,Product Marketing Manager
Todd Hicks,todd.hicks@meridiangrp.com,5552233445,MeridianGroup,Compensation Analyst
Patrick Pierce,patrick.p@pivotindustries.com,5553344556,PivotIndustries,Shipping Coordinator
Justin Warren,justin.warren@stellar.io,5554455667,StellarSolutions,Application Security Engineer
Martha Peterson,martha peterson@quantumleap.com,5555566778,QuantumLeap,Senior Research Fellow
Heather Kelley,heather.k@fusion.works,5556677889,FusionWorks,Client Relationship Manager
Dennis Stephens,dennis.s@innovatech,5557788990,Innovatech,Lead QA Engineer
Danielle Myers,danielle.m@apex.net,5558899001,ApexInnovations,UX Writer
Walter Fox,walter.fox@blueridge@io,5559900112,BlueRidgeAnalytics,Quantitative Analyst
Jacqueline Riley,https://www.google.com/search?q=j.riley.crimsondata.com,5550011223,CrimsonData,Demand Generation Manager
Harry Little,harry.little@silverline.tech,5551122334,SilverlineTech,Database Architect
Jean Tucker,jean..tucker@horizondigital.com,5552233445,HorizonDigital,CRO Specialist
Albert Porter,albert.porter@meridiangrp.com,5553344556,MeridianGroup,Payroll Specialist
Jonathan Hunter,jonathan.h@pivotindustries.com,5554455667,PivotIndustries,Materials Manager
Kathleen Hicks,kathleen hicks@stellar.io,5555566778,StellarSolutions,Compliance Officer
Willie Boyd,willie.boyd@quantumleap.com,5556677889,QuantumLeap,Postdoctoral Researcher
Christina Gordon,c.gordon@fusion.works,5557788990,FusionWorks,Inside Sales Representative
Terry Fisher,terry.fisher@innovatech@com,5558899001,Innovatech,Performance Test Engineer
Theresa Henry,theresa.h.apex.net,5559900112,ApexInnovations,Design Systems Manager
Austin Rose,austin.rose@blueridge.io,5550011223,BlueRidgeAnalytics,Senior Statistician
Sara Hunt,sara.hunt@crimsondata.com,5551122334,CrimsonData,VP of Communications
Harold Black,harold black@silverline.tech,5552233445,SilverlineTech,Network Architect
Frances Holmes,frances..holmes@horizondigital.com,5553344556,HorizonDigital,Lifecycle Marketing Manager
Christian Robertson,c.robertson@meridiangrp,5554455667,MeridianGroup,Corporate Recruiter
Roy Stone,roy.stone@pivotindustries.com,5555566778,PivotIndustries,Operations Director
Amber Boyd,amber.boyd@stellar.io,5556677889,StellarSolutions,Threat Intelligence Analyst
Megan Payne,megan.payne@quantumleap,5557788990,QuantumLeap,R&D Manager
Ethan Hawkins,ethan.hawkins@fusion.works,5558899001,FusionWorks,Sales Operations Manager
Brittany Wells,brittany.wells@innovatech.com,5559900112,Innovatech,DevSecOps Engineer
Joan Alvarez,joan alvarez@apex.net,5550011223,ApexInnovations,Head of Design
Carlos Perez,carlos.perez.blueridge.io,5551122334,BlueRidgeAnalytics,Chief Data Scientist
Madison Scott,madison..scott@crimsondata.com,5552233445,CrimsonData,Head of Growth
Kyle Green,kyle.g@silverline.tech,5553344556,SilverlineTech,IT Manager
Kimberly King,kimberly.k@horizondigital.com,5554455667,HorizonDigital,Marketing Automation Specialist
Olivia Rodriguez,olivia.r@omegasys.com,5552323232,OmegaSystems,Vice President
Tyler Baker,tyler.baker@meridiangrp@com,5555566778,MeridianGroup,Employee Relations Manager
Lauren Nelson,lauren.nelson@pivotindustries.com,5556677889,PivotIndustries,VP of Operations
Jesse Hill,jesse.hill@stellar.io,5557788990,StellarSolutions,Penetration Tester
Lillian Adams,lillian.adams@quantumleap.com,5558899001,QuantumLeap,Signal Processing Engineer
Nicholas Wright,nicholas wright@fusion.works,5559900112,FusionWorks,Business Development Manager
Abigail Mitchell,abigail.m@innovatech,5550011223,Innovatech,Chief Architect
Evelyn Roberts,evelyn.roberts@apex.net,5551122334,ApexInnovations,Chief Creative Officer
Jacob Phillips,jacob.p.vertex.net,5552233445,VertexVentures,Venture Partner
Megan Evans,megan.evans@zenith.co,5553344556,ZenithCorp,Managing Director
Avery Turner,avery..turner@alphatech.com,5554455667,AlphaTech,Chief of Staff
Ian Clark,ian.clark@example@com,5550001111,DeltaInc,Intern
Elijah Parker,elijah.parker@betacorp.com,5555566778,BetaCorp,General Counsel
Chloe Collins,chloe.collins@gammasolutions@com,5556677889,GammaSolutions,Legal Counsel
Lucas Stewart,lucas.stewart@deltainc.com,5557788990,DeltaInc,Paralegal
Madison Morris,madison morris@epsilonllc.com,5558899001,EpsilonLLC,Compliance Manager
Zoe Sanchez,zoe.sanchez@omegasys.com,5559900112,OmegaSystems,Head of Legal
Logan Cook,logan.cook.vertex.net,5550011223,VertexVentures,Investment Associate
Harper Morgan,harper.morgan@zenith.co,5551122334,ZenithCorp,Portfolio Manager
Carter Bell,carter.b@alphatech,5552233445,AlphaTech,Principal Investor
Riley Murphy,riley.murphy@betacorp.com,5553344556,BetaCorp,Financial Planning & Analysis (FP&A) Manager
Aria Bailey,aria..bailey@gammasolutions.com,5554455667,GammaSolutions,Treasury Analyst
Layla Rivera,layla.rivera@deltainc.com,5555566778,DeltaInc,Investor Relations
Leo Cooper,leo cooper@epsilonllc.com,5556677889,EpsilonLLC,Mergers & Acquisitions Analyst
Mila Richardson,mila.r@omegasys.com,5557788990,OmegaSystems,Chief Investment Officer
Grayson Cox,grayson.c@vertex.net,5558899001,VertexVentures,Fund Accountant
Aubrey Howard,aubrey.howard@zenith@co,5559900112,ZenithCorp,Private Equity Associate
Julian Ward,https://www.google.com/search?q=julian.w.alphatech.com,5550011223,AlphaTech,Corporate Development Manager
Nora Torres,nora.torres@betacorp.com,5551122334,BetaCorp,Risk Manager
Wyatt Peterson,wyatt.p@gammasolutions.com,5552233445,GammaSolutions,Internal Auditor
Stella Gray,stella gray@deltainc.com,5553344556,DeltaInc,Tax Manager
Lincoln Ramirez,l.ramirez@epsilonllc,5554455667,EpsilonLLC,Chief Risk Officer
Eli James,eli.james@omegasys.com,5555566778,OmegaSystems,Procurement Specialist
Hudson Brooks,hudson..brooks@vertex.net,5556677889,VertexVentures,Sourcing Manager
Penelope Kelly,penelope.k@zenith.co,5557788990,ZenithCorp,Vendor Manager
Asher Sanders,asher.sanders@alphatech@com,5558899001,AlphaTech,Category Manager
Ivy Price,https://www.google.com/search?q=ivy.price.betacorp.com,5559900112,BetaCorp,VP of Global Sourcing
Ezra Bennett,ezra.b@gammasolutions.com,5550011223,GammaSolutions,Strategic Sourcing Lead
Isla Wood,isla.wood@deltainc.com,5551122334,DeltaInc,Contract Manager
Kai Barnes,kai barnes@epsilonllc.com,5552233445,EpsilonLLC,Sustainability Officer
Hazel Ross,hazel.r@omegasys.com,5553344556,OmegaSystems,Environmental Health & Safety Manager
Jameson Henderson,jameson.h@vertex,5554455667,VertexVentures,Corporate Social Responsibility Manager
Willow Coleman,willow.c@zenith.co,5555566778,ZenithCorp,Diversity & Inclusion Director
Robert Jenkins,robert..jenkins@alphatech.com,5556677889,AlphaTech,Learning and Development Specialist
Scarlett Perry,scarlett.p@betacorp.com,5557788990,BetaCorp,Organizational Development Consultant
Josiah Powell,josiah.powell@gammasolutions@com,5558899001,GammaSolutions,Training Coordinator
Adeline Long,https://www.google.com/search?q=adeline.long.deltainc.com,5559900112,DeltaInc,Instructional Designer
Ryan Patterson,ryan.p@epsilonllc.com,5550011223,EpsilonLLC,People Analytics Manager
Eliana Hughes,eliana hughes@omegasys.com,5551122334,OmegaSystems,Total Rewards Manager
Isaiah Flores,isaiah.f@vertex.net,5552233445,VertexVentures,VP of People
Mateo Simmons,mateo.s@zenith.co,5553344556,ZenithCorp,HRIS Analyst
Maya Washington,maya.w@alphatech,5554455667,AlphaTech,Facilities Coordinator
Levi Butler,levi.b@betacorp.com,5555566778,BetaCorp,Real Estate Manager
Natalie Bryant,natalie..bryant@gammasolutions.com,5556677889,GammaSolutions,Workplace Experience Manager
Theodore Alexander,t.alexander@deltainc.com,5557788990,DeltaInc,Security Guard
Addison Russell,addison.russell@epsilonllc@com,5558899001,EpsilonLLC,Head of Physical Security
Elena Griffin,https://www.google.com/search?q=elena.griffin.omegasys.com,5559900112,OmegaSystems,Chief Administrative Officer
Carson Diaz,carson diaz@vertex.net,5550011223,VertexVentures,Administrative Assistant
Brooklyn Cruz,brooklyn.c@zenith.co,5551122334,ZenithCorp,Receptionist
Genesis Fisher,genesis.f@alphatech.com,5552233445,AlphaTech,Customer Service Manager
Xavier Ray,xavier.r@betacorp,5553344556,BetaCorp,Call Center Supervisor
Dominic Perkins,dominic.p@gammasolutions.com,5554455667,GammaSolutions,Client Onboarding Specialist
Everly Gomez,everly..gomez@deltainc.com,5555566778,DeltaInc,Head of Customer Experience
Austin Chavez,austin.c@epsilonllc.com,5556677889,EpsilonLLC,Support Tier 3 Engineer
Kennedy Reyes,kennedy reyes@omegasys.com,5557788990,OmegaSystems,Customer Advocacy Manager
Eva Ortiz,eva.o@vertex.net,5558899001,VertexVentures,Knowledge Base Manager
Jeremiah Johnston,j.johnston@zenith.co,5559900112,ZenithCorp,Community Forum Moderator
Skylar Hanson,skylar.hanson@alphatech@com,5550011223,AlphaTech,VP of Customer Support
Connor Snyder,https://www.google.com/search?q=connor.snyder.betacorp.com,5551122334,BetaCorp,Implementation Consultant
Paisley Hart,paisley.h@gammasolutions,5552233445,GammaSolutions,Success Architect
Jaxon Cunningham,jaxon.c@deltainc.com,5553344556,DeltaInc,Renewals Manager
Angel Wagner,angel wagner@epsilonllc.com,5554455667,EpsilonLLC,Director of Professional Services
Serenity Webb,serenity.w@omegasys.com,5555566778,OmegaSystems,Solutions Consultant
Ezekiel Elliott,ezekiel..e@vertex.net,5556677889,VertexVentures,Pre-Sales Engineer
Piper Palmer,piper.p@zenith.co,5557788990,ZenithCorp,Post-Sales Technical Specialist
Bentley Lawson,bentley.l@alphatech.com,5558899001,AlphaTech,Channel Partner Manager
Kaylee Holmes,kaylee.holmes@betacorp@com,5559900112,BetaCorp,Alliance Manager
Beau Mendoza,https://www.google.com/search?q=beau.mendoza.gammasolutions.com,5550011223,GammaSolutions,Partner Marketing Manager
Caroline Mills,caroline.m@deltainc,5551122334,DeltaInc,ISV Relationship Manager
Josie Nichols,josie nichols@epsilonllc.com,5552233445,EpsilonLLC,Head of Partnerships
Jason Grant,jason.g@omegasys.com,5553344556,OmegaSystems,Chief Revenue Officer (CRO)
Taylor Shaw,taylor.s@vertex.net,5554455667,VertexVentures,SDR Manager
Ariel Woods,ariel..woods@zenith.co,5555566778,ZenithCorp,Sales Enablement Specialist
Gavin Fuller,gavin.f@alphatech.com,5556677889,AlphaTech,Revenue Operations Analyst
Melody Stone,melody.stone@betacorp.com,5557788990,BetaCorp,Deal Desk Analyst
Brody Hawkins,brody hawkins@gammasolutions.com,5558899001,GammaSolutions,Field Marketing Manager
Paige West,paige.w@deltainc.com,5559900112,DeltaInc,Campaign Manager
Ryder Gibson,ryder.g@epsilonllc@com,5550011223,EpsilonLLC,Marketing Technologist
Valeria Armstrong,https://www.google.com/search?q=valeria.a.omegasys.com,5551122334,OmegaSystems,Automation Specialist
Carlos Spencer,carlos.s@vertex,5552233445,VertexVentures,Chief Marketing Officer (CMO)
Melanie Carr,melanie.c@zenith.co,5553344556,ZenithCorp,Creative Technologist
Tristan Gardner,tristan gardner@alphatech.com,5554455667,AlphaTech,Video Producer
Parker Payne,parker..p@betacorp.com,5555566778,BetaCorp,Podcast Host
Sadie Franklin,sadie.f@gammasolutions.com,5556677889,GammaSolutions,Webinar Producer
Abigail Day,abigail.d@deltainc.com,5557788990,DeltaInc,Evangelist
Blake Jordan,blake.jordan@epsilonllc@com,5558899001,EpsilonLLC,Developer Advocate
Ashley Hamilton,https://www.google.com/search?q=ashley.h.omegasys.com,5559900112,OmegaSystems,Technical Community Manager
Alex Graham,alex graham@vertex.net,5550011223,VertexVentures,Public Speaker
Annabelle Wallace,annabelle.w@zenith.co,5551122334,ZenithCorp,Chief Evangelist
Jesus Burns,jesus.b@alphatech,5552233445,AlphaTech,Chief Product Officer (CPO)
Amara Cole,amara.c@betacorp.com,5553344556,BetaCorp,Group Product Manager
Hayden Hicks,hayden..hicks@gammasolutions.com,5554455667,GammaSolutions,Principal Product Manager
Brielle Pierce,brielle.p@deltainc.com,5555566778,DeltaInc,Technical Product Manager
Roman Warren,roman warren@epsilonllc.com,5556677889,EpsilonLLC,Growth Product Manager
Destiny Peterson,destiny.p@omegasys.com,5557788990,OmegaSystems,Platform Product Manager
Adriana Kelley,adriana.k@vertex.net,5558899001,VertexVentures,Product Operations Manager
Colin Stephens,colin.s@zenith.co,5559900112,ZenithCorp,User Experience Researcher
Khloe Myers,khloe.myers@alphatech@com,5550011223,AlphaTech,Head of Research
Archer Fox,https://www.google.com/search?q=archer.fox.betacorp.com,5551122334,BetaCorp,Quantitative Researcher
Isabelle Riley,isabelle.r@gammasolutions,5552233445,GammaSolutions,Qualitative Researcher
Joel Little,joel little@deltainc.com,5553344556,DeltaInc,Accessibility Specialist
Jasmine Tucker,jasmine.t@epsilonllc.com,5554455667,EpsilonLLC,VP of Design
Kinsley Porter,kinsley.p@omegasys.com,5555566778,OmegaSystems,Product Design Manager
Leonardo Hunter,leonardo..h@vertex.net,5556677889,VertexVentures,Lead Product Designer
Elise Hicks,elise.h@zenith.co,5557788990,ZenithCorp,Senior Product Designer
Camden Boyd,camden.b@alphatech.com,5558899001,AlphaTech,Interaction Designer
Bailey Gordon,bailey gordon@betacorp.com,5559900112,BetaCorp,Service Designer
Logan Fisher,logan.f@gammasolutions.com,5550011223,GammaSolutions,Design Technologist
Thea Henry,thea.h@deltainc@com,5551122334,DeltaInc,Prototyper
Dean Rose,https://www.google.com/search?q=dean.rose.epsilonllc.com,5552233445,EpsilonLLC,Chief Innovation Officer
Peyton Hunt,peyton.h@omegasys,5553344556,OmegaSystems,Innovation Manager
Finn Black,finn black@vertex.net,5554455667,VertexVentures,Futurist
Rose Holmes,rose..h@zenith.co,5555566778,ZenithCorp,Director of Labs
Silas Robertson,silas.r@alphatech.com,5556677889,AlphaTech,Research and Development Engineer
Valentina Stone,valentina.s@betacorp.com,5557788990,BetaCorp,Head of R&D
Emmett Boyd,emmett.b@gammasolutions.com,5558899001,GammaSolutions,Applied Scientist
Genevieve Payne,genevieve payne@deltainc.com,5559900112,DeltaInc,Lab Technician
Adalynn Hawkins,adalynn.h@epsilonllc.com,5550011223,EpsilonLLC,Patent Attorney
George Wilson,george.wilson@example,5556667777,BetaCorp,Head of Marketing
Myles Wells,myles.w@omegasys.com,5551122334,OmegaSystems,Intellectual Property Manager
Calvin Alvarez,calvin.a@vertex.net,5552233445,VertexVentures,Chief of Staff
Alina Perez,alina.perez@zenith.co,5553344556,ZenithCorp,Program Director
Oscar Scott,oscar..scott@alphatech.com,5554455667,AlphaTech,Portfolio Manager
Iris Green,iris.g@betacorp,5555566778,BetaCorp,Senior Program Manager
Arthur King,arthur king@gammasolutions.com,5556677889,GammaSolutions,Technical Program Manager (TPM)
Clara Baker,clara.b@deltainc.com,5557788990,DeltaInc,Agile Coach
Jude Nelson,jude.n@epsilonllc@com,5558899001,EpsilonLLC,Release Train Engineer
Athena Hill,https://www.google.com/search?q=athena.hill.omegasys.com,5559900112,OmegaSystems,Value Stream Manager
Theo Adams,theo.adams@vertex.net,5550011223,VertexVentures,Lean Six Sigma Black Belt
Summer Wright,summer wright@zenith.co,5551122334,ZenithCorp,Process Improvement Specialist
Edward Mitchell,edward.m@alphatech.com,5552233445,AlphaTech,Change Management Consultant
Ivy Roberts,ivy..r@betacorp.com,5553344556,BetaCorp,Transformation Lead
Jonah Phillips,jonah.p@gammasolutions.com,5554455667,GammaSolutions,Business Process Analyst
Lyla Evans,lyla.e@deltainc,5555566778,DeltaInc,ERP Consultant
Sawyer Turner,sawyer turner@epsilonllc.com,5556677889,EpsilonLLC,Systems Analyst
Emilia Parker,emilia.p@omegasys.com,5557788990,OmegaSystems,Database Developer
Hunter Collins,hunter.c@vertex.net,5558899001,VertexVentures,Business Systems Manager
Isabelle Stewart,isabelle.s@zenith.co,5559900112,ZenithCorp,CRM Administrator
Rowan Morris,rowan.morris@alphatech@com,5550011223,AlphaTech,Salesforce Developer
Delilah Sanchez,https://www.google.com/search?q=delilah.s.betacorp.com,5551122334,BetaCorp,SharePoint Administrator
Chase Cook,chase cook@gammasolutions.com,5552233445,GammaSolutions,IT Auditor
Ana Morgan,ana..m@deltainc.com,5553344556,DeltaInc,Governance, Risk, and Compliance (GRC) Analyst
Micah Bell,micah.b@epsilonllc.com,5554455667,EpsilonLLC,Incident Response Manager
Hope Murphy,hope.m@omegasys.com,5555566778,OmegaSystems,SOC Analyst
Gael Bailey,gael.b@vertex.net,5556677889,VertexVentures,Ethical Hacker
Alice Johnson,alice.johnson@example.com,5551234567,AlphaTech,CEO
Victoria Chen,v.chen@stellar.io,5551112233,StellarSolutions,Software Engineer
David Kim,david.kim@quantumleap,5552223344,QuantumLeap,Data Scientist
Sophia Patel,sophia patel@fusion.works,5553334455,FusionWorks,Product Manager
William Jones,william.jones@innovatech.com,5554445566,Innovatech,Senior Developer
Olivia Williams,olivia.w@apex.net,5555556677,ApexInnovations,UX/UI Designer
James Brown,james.brown@blueridge,5556667788,BlueRidgeAnalytics,Business Analyst
Emily Davis,emily.davis@crimsondata.io,5557778899,CrimsonData,Marketing Director
Michael Miller,michael.miller@silverline,5558889900,SilverlineTech,Head of Infrastructure
Jessica Wilson,jessica.wilson@horizondigital.com,5559990011,HorizonDigital,Content Strategist
Christopher Moore,c.moore@meridiangrp@com,5550001122,MeridianGroup,Financial Analyst
Amanda Taylor,https://www.google.com/search?q=amanda.taylor.pivot.com,5551122334,PivotIndustries,Operations Manager
Daniel Anderson,d.anderson@stellar.io,5552233445,StellarSolutions,DevOps Engineer
Patricia Thomas,patricia.thomas@quantumleap.com,5553344556,QuantumLeap,Research Scientist
Linda Jackson,linda.jackson@fusion.works,5554455667,FusionWorks,Project Coordinator
Robert White,robert.white@innovatech,5555566778,Innovatech,QA Tester
Barbara Harris,barbara..harris@apex.net,5556677889,ApexInnovations,Graphic Designer
Susan Martin,susan martin@blueridge.io,5557788990,BlueRidgeAnalytics,Data Engineer
Joseph Thompson,joseph.t@crimsondata.com,5558899001,CrimsonData,SEO Specialist
Sarah Garcia,sarah.garcia@silverline.tech,5559900112,SilverlineTech,Systems Administrator
Karen Martinez,karen.martinez@horizondigital.com,5550011223,HorizonDigital,Social Media Manager
Nancy Robinson,n.robinson@meridiangrp.com,5551122334,MeridianGroup,Accountant
Charles Clark,charles.clark@pivotindustries,5552233445,PivotIndustries,Supply Chain Specialist
Matthew Rodriguez,matthew.r@stellar.io,5553344556,StellarSolutions,Backend Developer
Lisa Lewis,lisa lewis@quantumleap.com,5554455667,QuantumLeap,Machine Learning Engineer
Anthony Lee,anthony.lee@fusion.works,5555566778,FusionWorks,Associate Product Manager
Betty Walker,betty.walker@innovatech@com,5556677889,Innovatech,Automation Engineer
Mark Hall,mark.hall@apex.net,5557788990,ApexInnovations,Creative Director
Sandra Allen,s.allen@blueridge.io,5558899001,BlueRidgeAnalytics,BI Developer
Donald Young,https://www.google.com/search?q=donald.young.crimsondata.com,5559900112,CrimsonData,Content Writer
Kimberly Hernandez,kim.h@silverline.tech,5550011223,SilverlineTech,Network Engineer
George King,george.king@horizondigital.com,5551122334,HorizonDigital,Digital Marketing Specialist
Steven Wright,steven.wright@meridiangrp.com,5552233445,MeridianGroup,Senior Accountant
Donna Lopez,donna.lopez@pivotindustries,5553344556,PivotIndustries,Logistics Coordinator
Paul Hill,paul.hill@stellar.io,5554455667,StellarSolutions,Principal Engineer
Cynthia Scott,cynthia s@quantumleap.com,5555566778,QuantumLeap,Lead Scientist
Kevin Green,kevin.green@fusion.works,5556677889,FusionWorks,Scrum Master
Laura Adams,laura.adams@innovatech.com,5557788990,Innovatech,Technical Writer
Brian Baker,b.baker@apex.net,5558899001,ApexInnovations,Senior UX Designer
Rebecca Gonzalez,rebecca.gonzalez@blueridge,5559900112,BlueRidgeAnalytics,Database Administrator
Sharon Nelson,sharon.n@crimsondata.io,5550011223,CrimsonData,VP of Marketing
Gary Carter,gary..carter@silverline.tech,5551122334,SilverlineTech,Security Specialist
Michelle Mitchell,michelle.m@horizondigital.com,5552233445,HorizonDigital,Community Manager
Ronald Perez,ronald.perez@meridiangrp@com,5553344556,MeridianGroup,Investment Analyst
Timothy Roberts,timothy roberts@pivotindustries.com,5554455667,PivotIndustries,Warehouse Manager
Jason Turner,jason.turner@stellar.io,5555566778,StellarSolutions,Cloud Solutions Architect
Deborah Phillips,https://www.google.com/search?q=deborah.p.quantumleap.com,5556677889,QuantumLeap,Algorithm Developer
Ryan Campbell,r.campbell@fusion.works,5557788990,FusionWorks,Technical Program Manager
Jennifer Parker,jennifer.p@innovatech.com,5558899001,Innovatech,Software Development Engineer in Test (SDET)
Melissa Evans,melissa.evans@apex.net,5559900112,ApexInnovations,User Researcher
Larry Edwards,larry.edwards@blueridge.io,5550011223,BlueRidgeAnalytics,Senior Data Analyst
Brenda Collins,brenda.collins@crimsondata,5551122334,CrimsonData,Public Relations Manager
Justin Stewart,justin.stewart@silverline.tech,5552233445,SilverlineTech,Chief Information Security Officer (CISO)
Amanda Sanchez,amanda s@horizondigital.com,5553344556,HorizonDigital,Email Marketing Specialist
Brandon Morris,brandon.morris@meridiangrp.com,5554455667,MeridianGroup,Controller
Eric Rogers,eric.rogers@pivotindustries@com,5555566778,PivotIndustries,Procurement Manager
Rachel Reed,rachel.reed@stellar.io,5556677889,StellarSolutions,Frontend Lead
Jonathan Cook,jonathan.cook@quantumleap.com,5557788990,QuantumLeap,AI Specialist
Stephanie Morgan,s.morgan.fusion.works,5558899001,FusionWorks,Customer Success Manager
Scott Bell,scott.bell@innovatech.com,5559900112,Innovatech,Mobile Developer (iOS)
Nicole Murphy,nicole..murphy@apex.net,5550011223,ApexInnovations,Interaction Designer
Benjamin Bailey,ben.bailey@blueridge.io,5551122334,BlueRidgeAnalytics,ETL Developer
Samantha Rivera,samantha.rivera@crimsondata.com,5552233445,CrimsonData,Brand Manager
Gregory Cooper,gregory.cooper@silverline,5553344556,SilverlineTech,Director of IT
Frank Richardson,frank richardson@horizondigital.com,5554455667,HorizonDigital,PPC Specialist
Pamela Cox,pamela.cox@meridiangrp.com,5555566778,MeridianGroup,Human Resources Generalist
Alexander Howard,alex.h@pivotindustries.com,5556677889,PivotIndustries,Plant Manager
Patrick Ward,patrick.ward@stellar.io,5557788990,StellarSolutions,Site Reliability Engineer (SRE)
Debra Torres,debra.torres@quantumleap@com,5558899001,QuantumLeap,Computational Linguist
Walter Peterson,https://www.google.com/search?q=walter.p.innovatech.com,5559900112,Innovatech,Mobile Developer (Android)
Peter Gray,peter.gray@fusion.works,5550011223,FusionWorks,Sales Engineer
Christine Ramirez,c.ramirez@apex.net,5551122334,ApexInnovations,Art Director
Douglas James,douglas.james@blueridge.io,5552233445,BlueRidgeAnalytics,Data Warehouse Architect
Joyce Watson,joyce.watson@crimsondata.com,5553344556,CrimsonData,Communications Director
Henry Brooks,henry..brooks@silverline.tech,5554455667,SilverlineTech,Help Desk Technician
Angela Kelly,angela kelly@horizondigital.com,5555566778,HorizonDigital,Affiliate Marketing Manager
Joshua Sanders,joshua.s@meridiangrp.com,5556677889,MeridianGroup,Talent Acquisition Specialist
Carl Price,carl.price@pivotindustries,5557788990,PivotIndustries,Health and Safety Officer
Terry Bennett,terry.bennett@stellar.io,5558899001,StellarSolutions,Full Stack Engineer
Sean Wood,sean.wood@quantumleap.com,5559900112,QuantumLeap,Deep Learning Researcher
Evelyn Barnes,evelyn.b@fusion.works,5550011223,FusionWorks,Account Executive
Denise Ross,denise.ross@innovatech@com,5551122334,Innovatech,Release Manager
Jeremy Henderson,jeremy.h.apex.net,5552233445,ApexInnovations,Motion Graphics Designer
Marilyn Coleman,marilyn.coleman@blueridge.io,5553344556,BlueRidgeAnalytics,Business Intelligence Manager
Keith Jenkins,keith.jenkins@crimsondata.com,5554455667,CrimsonData,Copywriter
Roger Perry,roger perry@silverline.tech,5555566778,SilverlineTech,IT Support Specialist
Judith Powell,judith.p@horizondigital.com,5556677889,HorizonDigital,Marketing Analyst
Lawrence Long,lawrence.l@meridiangrp,5557788990,MeridianGroup,Recruiting Coordinator
Cheryl Patterson,cheryl..patterson@pivotindustries.com,5558899001,PivotIndustries,Quality Control Inspector
Joe Hughes,joe.hughes@stellar.io,5559900112,StellarSolutions,Engineering Manager
Diana Flores,diana.f@quantumleap.com,5550011223,QuantumLeap,Natural Language Processing Engineer
Russell Simmons,russell.s@fusion.works,5551122334,FusionWorks,Regional Sales Manager
Alice Washington,alice.w@innovatech.com,5552233445,Innovatech,Firmware Engineer
Joan Butler,joan.butler@apex.net,5553344556,ApexInnovations,Visual Designer
Bobby Bryant,bobby.b@blueridge@io,5554455667,BlueRidgeAnalytics,Statistician
Roy Alexander,roy alexander@crimsondata.com,5555566778,CrimsonData,Media Buyer
Juan Russell,juan.r.silverline.tech,5556677889,SilverlineTech,Cloud Engineer
Janet Griffin,janet.g@horizondigital.com,5557788990,Horizondigital,Content Manager
Wayne Diaz,wayne.d@meridiangrp.com,5558899001,MeridianGroup,Office Manager
Eugene Cruz,eugene.cruz@pivotindustries.com,5559900112,PivotIndustries,Inventory Manager
Louis Fisher,louis.fisher@stellar.io,5550011223,StellarSolutions,Senior Staff Engineer
Sara Ray,sara..ray@quantumleap.com,5551122334,QuantumLeap,Computer Vision Engineer
Billy Perkins,billy.perkins@fusion.works,5552233445,FusionWorks,Partner Manager
Marie Gomez,marie.gomez@innovatech,5553344556,Innovatech,Embedded Systems Engineer
Ralph Chavez,ralph.chavez@apex.net,5554455667,ApexInnovations,Production Artist
Ann Reyes,ann reyes@blueridge.io,5555566778,BlueRidgeAnalytics,Head of Data Science
Jordan Ortiz,jordan.ortiz@crimsondata@com,5556677889,CrimsonData,Events Manager
Gerald Johnston,gerald.j.silverline.tech,5557788990,SilverlineTech,Solutions Architect
Teresa Hanson,teresa.h@horizondigital.com,5558899001,HorizonDigital,Growth Hacker
Henry Snyder,henry.s@meridiangrp.com,5559900112,MeridianGroup,Executive Assistant
Adam Hart,adam.hart@pivotindustries.com,5550011223,PivotIndustries,Facilities Manager
Arthur Cunningham,arthur.c@stellar.io,5551122334,StellarSolutions,Distinguished Engineer
Beverly Wagner,beverly.wagner@quantumleap,5552233445,QuantumLeap,AI Research Director
Julia Webb,julia webb@fusion.works,5553344556,FusionWorks,Channel Sales Manager
Alan Elliott,alan.e@innovatech.com,5554455667,Innovatech,Hardware Engineer
Grace Palmer,grace.p@apex.net,5555566778,ApexInnovations,Brand Strategist
Jack Lawson,jack.lawson@blueridge.io,5556677889,BlueRidgeAnalytics,Machine Learning Operations (MLOps) Engineer
Doris Holmes,doris..holmes@crimsondata.com,5557788990,CrimsonData,Social Media Coordinator
Vincent Mendoza,vincent.m@silverline.tech,5558899001,SilverlineTech,VP of Technology
Kathryn Mills,kathryn.m@horizondigital.com,5559900112,HorizonDigital,Marketing Operations Manager
Stephen Nichols,stephen.n@meridiangrp@com,5550011223,MeridianGroup,Benefits Specialist
Alice Grant,https://www.google.com/search?q=alice.grant.pivotindustries.com,5551122334,PivotIndustries,Production Supervisor
Shawn Shaw,shawn.shaw@stellar.io,5552233445,StellarSolutions,Technical Lead
Philip Woods,philip.w@quantumleap.com,5553344556,QuantumLeap,Quantum Computing Scientist
Lori Fuller,lori fuller@fusion.works,5554455667,FusionWorks,Customer Support Representative
Jose Stone,jose.s@innovatech.com,5555566778,Innovatech,Systems Engineer
Mildred Hawkins,mildred.h@apex,5556677889,ApexInnovations,Web Designer
Johnny West,johnny.west@blueridge.io,5557788990,BlueRidgeAnalytics,Analytics Manager
Frances Gibson,frances.g@crimsondata.com,5558899001,CrimsonData,Digital Project Manager
Clarence Armstrong,c..armstrong@silverline.tech,5559900112,SilverlineTech,Director of Engineering
Ruby Spencer,ruby.s@horizondigital.com,5550011223,HorizonDigital,Head of Content
Raymond Carr,raymond.c@meridiangrp.com,5551122334,MeridianGroup,HR Business Partner
Anna Gardner,anna.g@pivotindustries,5552233445,PivotIndustries,Logistics Analyst
Katherine Payne,k.payne@stellar.io,5553344556,StellarSolutions,Security Engineer
Chris Franklin,chris.franklin@quantumleap.com,5554455667,QuantumLeap,Robotics Engineer
Carol Day,carol day@fusion.works,5555566778,FusionWorks,Technical Account Manager
Willie Jordan,willie.j@innovatech@com,5556677889,Innovatech,Test Automation Architect
Ruth Hamilton,ruth.h.apex.net,5557788990,ApexInnovations,Information Architect
Aaron Graham,aaron.graham@blueridge.io,5558899001,BlueRidgeAnalytics,Data Visualization Specialist
Diane Wallace,diane.wallace@crimsondata.com,5559900112,CrimsonData,Marketing Communications Manager
Randy Burns,randy.burns@silverline.tech,5550011223,SilverlineTech,VP of Infrastructure
Gloria Cole,gloria..cole@horizondigital.com,5551122334,HorizonDigital,Product Marketing Manager
Todd Hicks,todd.hicks@meridiangrp.com,5552233445,MeridianGroup,Compensation Analyst
Patrick Pierce,patrick.p@pivotindustries.com,5553344556,PivotIndustries,Shipping Coordinator
Justin Warren,justin.warren@stellar.io,5554455667,StellarSolutions,Application Security Engineer
Martha Peterson,martha peterson@quantumleap.com,5555566778,QuantumLeap,Senior Research Fellow
Heather Kelley,heather.k@fusion.works,5556677889,FusionWorks,Client Relationship Manager
Dennis Stephens,dennis.s@innovatech,5557788990,Innovatech,Lead QA Engineer
Danielle Myers,danielle.m@apex.net,5558899001,ApexInnovations,UX Writer
Walter Fox,walter.fox@blueridge@io,5559900112,BlueRidgeAnalytics,Quantitative Analyst
Jacqueline Riley,https://www.google.com/search?q=j.riley.crimsondata.com,5550011223,CrimsonData,Demand Generation Manager
Harry Little,harry.little@silverline.tech,5551122334,SilverlineTech,Database Architect
Jean Tucker,jean..tucker@horizondigital.com,5552233445,HorizonDigital,CRO Specialist
Albert Porter,albert.porter@meridiangrp.com,5553344556,MeridianGroup,Payroll Specialist
Jonathan Hunter,jonathan.h@pivotindustries.com,5554455667,PivotIndustries,Materials Manager
Kathleen Hicks,kathleen hicks@stellar.io,5555566778,StellarSolutions,Compliance Officer
Willie Boyd,willie.boyd@quantumleap.com,5556677889,QuantumLeap,Postdoctoral Researcher
Christina Gordon,c.gordon@fusion.works,5557788990,FusionWorks,Inside Sales Representative
Terry Fisher,terry.fisher@innovatech@com,5558899001,Innovatech,Performance Test Engineer
Theresa Henry,theresa.h.apex.net,5559900112,ApexInnovations,Design Systems Manager
Austin Rose,austin.rose@blueridge.io,5550011223,BlueRidgeAnalytics,Senior Statistician
Sara Hunt,sara.hunt@crimsondata.com,5551122334,CrimsonData,VP of Communications
Harold Black,harold black@silverline.tech,5552233445,SilverlineTech,Network Architect
Frances Holmes,frances..holmes@horizondigital.com,5553344556,HorizonDigital,Lifecycle Marketing Manager
Christian Robertson,c.robertson@meridiangrp,5554455667,MeridianGroup,Corporate Recruiter
Roy Stone,roy.stone@pivotindustries.com,5555566778,PivotIndustries,Operations Director
Amber Boyd,amber.boyd@stellar.io,5556677889,StellarSolutions,Threat Intelligence Analyst
Megan Payne,megan.payne@quantumleap,5557788990,QuantumLeap,R&D Manager
Ethan Hawkins,ethan.hawkins@fusion.works,5558899001,FusionWorks,Sales Operations Manager
Brittany Wells,brittany.wells@innovatech.com,5559900112,Innovatech,DevSecOps Engineer
Joan Alvarez,joan alvarez@apex.net,5550011223,ApexInnovations,Head of Design
Carlos Perez,carlos.perez.blueridge.io,5551122334,BlueRidgeAnalytics,Chief Data Scientist
Madison Scott,madison..scott@crimsondata.com,5552233445,CrimsonData,Head of Growth
Kyle Green,kyle.g@silverline.tech,5553344556,SilverlineTech,IT Manager
Kimberly King,kimberly.k@horizondigital.com,5554455667,HorizonDigital,Marketing Automation Specialist
Tyler Baker,tyler.baker@meridiangrp@com,5555566778,MeridianGroup,Employee Relations Manager
Lauren Nelson,lauren.nelson@pivotindustries.com,5556677889,PivotIndustries,VP of Operations
Jesse Hill,jesse.hill@stellar.io,5557788990,StellarSolutions,Penetration Tester
Lillian Adams,lillian.adams@quantumleap.com,5558899001,QuantumLeap,Signal Processing Engineer
Nicholas Wright,nicholas wright@fusion.works,5559900112,FusionWorks,Business Development Manager
Abigail Mitchell,abigail.m@innovatech,5550011223,Innovatech,Chief Architect
Evelyn Roberts,evelyn.roberts@apex.net,5551122334,ApexInnovations,Chief Creative Officer
Jacob Phillips,jacob.p.vertex.net,5552233445,VertexVentures,Venture Partner
Megan Evans,megan.evans@zenith.co,5553344556,ZenithCorp,Managing Director
Avery Turner,avery..turner@alphatech.com,5554455667,AlphaTech,Chief of Staff
Elijah Parker,elijah.parker@betacorp.com,5555566778,BetaCorp,General Counsel
Chloe Collins,chloe.collins@gammasolutions@com,5556677889,GammaSolutions,Legal Counsel
Lucas Stewart,lucas.stewart@deltainc.com,5557788990,DeltaInc,Paralegal
Madison Morris,madison morris@epsilonllc.com,5558899001,EpsilonLLC,Compliance Manager
Zoe Sanchez,zoe.sanchez@omegasys.com,5559900112,OmegaSystems,Head of Legal
Logan Cook,logan.cook.vertex.net,5550011223,VertexVentures,Investment Associate
Harper Morgan,harper.morgan@zenith.co,5551122334,ZenithCorp,Portfolio Manager
Carter Bell,carter.b@alphatech,5552233445,AlphaTech,Principal Investor
Riley Murphy,riley.murphy@betacorp.com,5553344556,BetaCorp,Financial Planning & Analysis (FP&A) Manager
Aria Bailey,aria..bailey@gammasolutions.com,5554455667,GammaSolutions,Treasury Analyst
Layla Rivera,layla.rivera@deltainc.com,5555566778,DeltaInc,Investor Relations
Leo Cooper,leo cooper@epsilonllc.com,5556677889,EpsilonLLC,Mergers & Acquisitions Analyst
Mila Richardson,mila.r@omegasys.com,5557788990,OmegaSystems,Chief Investment Officer
Grayson Cox,grayson.c@vertex.net,5558899001,VertexVentures,Fund Accountant
Aubrey Howard,aubrey.howard@zenith@co,5559900112,ZenithCorp,Private Equity Associate
Julian Ward,https://www.google.com/search?q=julian.w.alphatech.com,5550011223,AlphaTech,Corporate Development Manager
Nora Torres,nora.torres@betacorp.com,5551122334,BetaCorp,Risk Manager
Wyatt Peterson,wyatt.p@gammasolutions.com,5552233445,GammaSolutions,Internal Auditor
Stella Gray,stella gray@deltainc.com,5553344556,DeltaInc,Tax Manager
Lincoln Ramirez,l.ramirez@epsilonllc,5554455667,EpsilonLLC,Chief Risk Officer
Eli James,eli.james@omegasys.com,5555566778,OmegaSystems,Procurement Specialist
Hudson Brooks,hudson..brooks@vertex.net,5556677889,VertexVentures,Sourcing Manager
Penelope Kelly,penelope.k@zenith.co,5557788990,ZenithCorp,Vendor Manager
Asher Sanders,asher.sanders@alphatech@com,5558899001,AlphaTech,Category Manager
Ivy Price,https://www.google.com/search?q=ivy.price.betacorp.com,5559900112,BetaCorp,VP of Global Sourcing
Ezra Bennett,ezra.b@gammasolutions.com,5550011223,GammaSolutions,Strategic Sourcing Lead
Isla Wood,isla.wood@deltainc.com,5551122334,DeltaInc,Contract Manager
Kai Barnes,kai barnes@epsilonllc.com,5552233445,EpsilonLLC,Sustainability Officer
Hazel Ross,hazel.r@omegasys.com,5553344556,OmegaSystems,Environmental Health & Safety Manager
Jameson Henderson,jameson.h@vertex,5554455667,VertexVentures,Corporate Social Responsibility Manager
Willow Coleman,willow.c@zenith.co,5555566778,ZenithCorp,Diversity & Inclusion Director
Robert Jenkins,robert..jenkins@alphatech.com,5556677889,AlphaTech,Learning and Development Specialist
Scarlett Perry,scarlett.p@betacorp.com,5557788990,BetaCorp,Organizational Development Consultant
Josiah Powell,josiah.powell@gammasolutions@com,5558899001,GammaSolutions,Training Coordinator
Adeline Long,https://www.google.com/search?q=adeline.long.deltainc.com,5559900112,DeltaInc,Instructional Designer
Ryan Patterson,ryan.p@epsilonllc.com,5550011223,EpsilonLLC,People Analytics Manager
Eliana Hughes,eliana hughes@omegasys.com,5551122334,OmegaSystems,Total Rewards Manager
Isaiah Flores,isaiah.f@vertex.net,5552233445,VertexVentures,VP of People
Mateo Simmons,mateo.s@zenith.co,5553344556,ZenithCorp,HRIS Analyst
Maya Washington,maya.w@alphatech,5554455667,AlphaTech,Facilities Coordinator
Levi Butler,levi.b@betacorp.com,5555566778,BetaCorp,Real Estate Manager
Natalie Bryant,natalie..bryant@gammasolutions.com,5556677889,GammaSolutions,Workplace Experience Manager
Theodore Alexander,t.alexander@deltainc.com,5557788990,DeltaInc,Security Guard
Addison Russell,addison.russell@epsilonllc@com,5558899001,EpsilonLLC,Head of Physical Security
Elena Griffin,https://www.google.com/search?q=elena.griffin.omegasys.com,5559900112,OmegaSystems,Chief Administrative Officer
Carson Diaz,carson diaz@vertex.net,5550011223,VertexVentures,Administrative Assistant
Brooklyn Cruz,brooklyn.c@zenith.co,5551122334,ZenithCorp,Receptionist
Genesis Fisher,genesis.f@alphatech.com,5552233445,AlphaTech,Customer Service Manager
Xavier Ray,xavier.r@betacorp,5553344556,BetaCorp,Call Center Supervisor
Dominic Perkins,dominic.p@gammasolutions.com,5554455667,GammaSolutions,Client Onboarding Specialist
Everly Gomez,everly..gomez@deltainc.com,5555566778,DeltaInc,Head of Customer Experience
Austin Chavez,austin.c@epsilonllc.com,5556677889,EpsilonLLC,Support Tier 3 Engineer
Kennedy Reyes,kennedy reyes@omegasys.com,5557788990,OmegaSystems,Customer Advocacy Manager
Eva Ortiz,eva.o@vertex.net,5558899001,VertexVentures,Knowledge Base Manager
Jeremiah Johnston,j.johnston@zenith.co,5559900112,ZenithCorp,Community Forum Moderator
Skylar Hanson,skylar.hanson@alphatech@com,5550011223,AlphaTech,VP of Customer Support
Connor Snyder,https://www.google.com/search?q=connor.snyder.betacorp.com,5551122334,BetaCorp,Implementation Consultant
Paisley Hart,paisley.h@gammasolutions,5552233445,GammaSolutions,Success Architect
Jaxon Cunningham,jaxon.c@deltainc.com,5553344556,DeltaInc,Renewals Manager
Angel Wagner,angel wagner@epsilonllc.com,5554455667,EpsilonLLC,Director of Professional Services
Serenity Webb,serenity.w@omegasys.com,5555566778,OmegaSystems,Solutions Consultant
Ezekiel Elliott,ezekiel..e@vertex.net,5556677889,VertexVentures,Pre-Sales Engineer
Piper Palmer,piper.p@zenith.co,5557788990,ZenithCorp,Post-Sales Technical Specialist
Bentley Lawson,bentley.l@alphatech.com,5558899001,AlphaTech,Channel Partner Manager
Kaylee Holmes,kaylee.holmes@betacorp@com,5559900112,BetaCorp,Alliance Manager
Beau Mendoza,https://www.google.com/search?q=beau.mendoza.gammasolutions.com,5550011223,GammaSolutions,Partner Marketing Manager
Caroline Mills,caroline.m@deltainc,5551122334,DeltaInc,ISV Relationship Manager
Josie Nichols,josie nichols@epsilonllc.com,5552233445,EpsilonLLC,Head of Partnerships
Jason Grant,jason.g@omegasys.com,5553344556,OmegaSystems,Chief Revenue Officer (CRO)
Taylor Shaw,taylor.s@vertex.net,5554455667,VertexVentures,SDR Manager
Ariel Woods,ariel..woods@zenith.co,5555566778,ZenithCorp,Sales Enablement Specialist
Gavin Fuller,gavin.f@alphatech.com,5556677889,AlphaTech,Revenue Operations Analyst
Melody Stone,melody.stone@betacorp.com,5557788990,BetaCorp,Deal Desk Analyst
Brody Hawkins,brody hawkins@gammasolutions.com,5558899001,GammaSolutions,Field Marketing Manager
Paige West,paige.w@deltainc.com,5559900112,DeltaInc,Campaign Manager
Ryder Gibson,ryder.g@epsilonllc@com,5550011223,EpsilonLLC,Marketing Technologist
Valeria Armstrong,https://www.google.com/search?q=valeria.a.omegasys.com,5551122334,OmegaSystems,Automation Specialist
Carlos Spencer,carlos.s@vertex,5552233445,VertexVentures,Chief Marketing Officer (CMO)
Melanie Carr,melanie.c@zenith.co,5553344556,ZenithCorp,Creative Technologist
Tristan Gardner,tristan gardner@alphatech.com,5554455667,AlphaTech,Video Producer
Parker Payne,parker..p@betacorp.com,5555566778,BetaCorp,Podcast Host
Sadie Franklin,sadie.f@gammasolutions.com,5556677889,GammaSolutions,Webinar Producer
Abigail Day,abigail.d@deltainc.com,5557788990,DeltaInc,Evangelist
Blake Jordan,blake.jordan@epsilonllc@com,5558899001,EpsilonLLC,Developer Advocate
Ashley Hamilton,https://www.google.com/search?q=ashley.h.omegasys.com,5559900112,OmegaSystems,Technical Community Manager
Alex Graham,alex graham@vertex.net,5550011223,VertexVentures,Public Speaker
Annabelle Wallace,annabelle.w@zenith.co,5551122334,ZenithCorp,Chief Evangelist
Jesus Burns,jesus.b@alphatech,5552233445,AlphaTech,Chief Product Officer (CPO)
Amara Cole,amara.c@betacorp.com,5553344556,BetaCorp,Group Product Manager
Hayden Hicks,hayden..hicks@gammasolutions.com,5554455667,GammaSolutions,Principal Product Manager
Brielle Pierce,brielle.p@deltainc.com,5555566778,DeltaInc,Technical Product Manager
Roman Warren,roman warren@epsilonllc.com,5556677889,EpsilonLLC,Growth Product Manager
Destiny Peterson,destiny.p@omegasys.com,5557788990,OmegaSystems,Platform Product Manager
Adriana Kelley,adriana.k@vertex.net,5558899001,VertexVentures,Product Operations Manager
Colin Stephens,colin.s@zenith.co,5559900112,ZenithCorp,User Experience Researcher
Khloe Myers,khloe.myers@alphatech@com,5550011223,AlphaTech,Head of Research
Archer Fox,https://www.google.com/search?q=archer.fox.betacorp.com,5551122334,BetaCorp,Quantitative Researcher
Isabelle Riley,isabelle.r@gammasolutions,5552233445,GammaSolutions,Qualitative Researcher
Joel Little,joel little@deltainc.com,5553344556,DeltaInc,Accessibility Specialist
Jasmine Tucker,jasmine.t@epsilonllc.com,5554455667,EpsilonLLC,VP of Design
Kinsley Porter,kinsley.p@omegasys.com,5555566778,OmegaSystems,Product Design Manager
Leonardo Hunter,leonardo..h@vertex.net,5556677889,VertexVentures,Lead Product Designer
Elise Hicks,elise.h@zenith.co,5557788990,ZenithCorp,Senior Product Designer
Camden Boyd,camden.b@alphatech.com,5558899001,AlphaTech,Interaction Designer
Bailey Gordon,bailey gordon@betacorp.com,5559900112,BetaCorp,Service Designer
Logan Fisher,logan.f@gammasolutions.com,5550011223,GammaSolutions,Design Technologist
Thea Henry,thea.h@deltainc@com,5551122334,DeltaInc,Prototyper
Dean Rose,https://www.google.com/search?q=dean.rose.epsilonllc.com,5552233445,EpsilonLLC,Chief Innovation Officer
Peyton Hunt,peyton.h@omegasys,5553344556,OmegaSystems,Innovation Manager
Finn Black,finn black@vertex.net,5554455667,VertexVentures,Futurist
Rose Holmes,rose..h@zenith.co,5555566778,ZenithCorp,Director of Labs
Silas Robertson,silas.r@alphatech.com,5556677889,AlphaTech,Research and Development Engineer
Valentina Stone,valentina.s@betacorp.com,5557788990,BetaCorp,Head of R&D
Emmett Boyd,emmett.b@gammasolutions.com,5558899001,GammaSolutions,Applied Scientist
Genevieve Payne,genevieve payne@deltainc.com,5559900112,DeltaInc,Lab Technician
Adalynn Hawkins,adalynn.h@epsilonllc.com,5550011223,EpsilonLLC,Patent Attorney